name_id,component_id,component_name,primary_name,botanical_name
1,1,16oz Amber Glass Boston Round 28-400,1,0
2,2,225cc Amber PET 45-400,1,0
3,3,8oz Amber Glass Boston Round 28-400,1,0
4,4,14oz White HDPE 89-400,1,0
5,5,16oz White HDPE 89-400,1,0
6,6,16oz White PET 89-400,1,0
7,7,11oz Prebiotic Fiber,1,0
8,8,150cc Amber Glass,1,0
9,9,16oz Green PET 89-400,1,0
10,10,19oz Cobalt Blue PET 89-400,1,0
11,11,19oz Dark Green PET 89-400,1,0
12,12,19oz White HDPE 89-400,1,0
13,13,20oz Cobalt Blue PET 89-400,1,0
14,14,20oz White HDPE,1,0
15,15,2000cc White PET 110-400,1,0
16,16,200cc Amber Glass Packer 45-400,1,0
17,17,20oz Dark Green PET,1,0
18,18,225cc Clear PET 45-400,1,0
19,19,225g Markus Sweet,1,0
20,20,25oz White HDPE,1,0
21,21,25oz White HDPE Widemouth,1,0
22,22,250cc Amber Glass,1,0
23,23,2500cc White HDPE 110-400,1,0
24,24,250cc Dark Green PET 45-400,1,0
25,25,2LB Markus 3in1,1,0
26,26,2LB Markus Super Plant Protein,1,0
27,27,36oz White HDPE,1,0
28,28,400cc White HDPE 45-400,1,0
29,29,430g Markus Wildforce Green Formula,1,0
30,30,45-400 Amber,1,0
31,31,625cc White HDPE 53-400,1,0
32,32,8oz White HDPE,1,0
33,33,908g Markus Sweet,1,0
34,34,225cc White HDPE 45-400,1,0
35,35,150cc White HDPE 38-400,1,0
36,36,505x320 Paper Tube Pet Immune,1,0
37,37,175cc White HDPE,1,0
38,38,150cc White HDPE,1,0
39,39,400cc Amber Glass 53-400,1,0
40,40,8oz White PET,1,0
41,41,200cc White PET,1,0
42,42,16oz Black Seed Oil ~ Maju,1,0
43,43,8oz Black Seed Oil ~ Maju,1,0
44,44,60ct Black Seed Oil ~ Maju,1,0
45,45,908g Spirulina ~ Maju,1,0
46,46,453g Maca ~ Vita-Myr,1,0
47,47,453g Organic Moringa Leaf Cambodia ~ Maju,1,0
48,48,453g Organic Moringa Leaf India ~ Maju,1,0
49,49,220ct Age Free ~ Markus,1,0
50,50,170g Age Free ~ Markus,1,0
51,51,170g Ashwagandha ~ Maju,1,0
52,52,120g Beet Root ~ Immune Solution,1,0
53,53,265g Best Start ~ Enerex,1,0
54,54,220ct Charconite ~ Markus,1,0
55,55,453g Essential Greens ~ Herbally Grounded,1,0
56,56,220ct Free Colon ~ Markus,1,0
57,57,170g Free Colon ~ Markus,1,0
58,58,220ct Free Liver ~ Markus,1,0
59,59,170g Free Liver ~ Markus,1,0
60,60,330g Happy Time ~ Markus,1,0
61,61,350ct Happy Time ~ Markus,1,0
62,62,220ct Heart Formula ~ Markus,1,0
63,63,170g Heart Formula ~ Markus,1,0
64,64,240ct Hemroid Harry ~ Herbally Grounded,1,0
65,65,Dutch Chocolate Whey Protein ~ Holistic Life,1,0
66,66,Tahitian Vanilla Whey Protein- Holistic Life,1,0
67,67,120ct Inca Gold Peruvian Maca ~ Vita-Myr,1,0
68,68,113g Inca Gold Peruvian Maca ~ Vita-Myr,1,0
69,69,60ct Inca Gold Peruvian Maca ~ Vita-Myr,1,0
70,70,270g Kamut Wheatgrass Blend ~ Immune Solutions,1,0
71,71,90g Kamut Wheatgrass Blend ~ Immune Solutions,1,0
72,72,220ct Kidney Formula ~ Markus,1,0
73,73,170g Kidney Formula ~ Markus,1,0
74,74,90ct Lion's Mane Mushrooms ~ Maju,1,0
75,75,120ct Black Maca ~ Maju,1,0
76,76,120ct Yellow Maca ~ Maju,1,0
77,77,90ct Mental Mushroom ~ Maju,1,0
78,78,330g Man Force ~ Markus,1,0
79,79,350ct Man Force ~ Markus,1,0
80,80,908g Markus Sweet ~ Markus,1,0
81,81,170g Organic Moringa Leaf Cambodia ~ Maju,1,0
82,82,170g Organic Moringa Leaf India ~ Maju,1,0
83,83,330g Night Rebuild ~ Markus,1,0
84,84,350ct Night Rebuild ~ Markus,1,0
85,85,Sticker (One Free Item) Green ~ Markus,1,0
86,86,300ct Parasite Free ~ Markus,1,0
87,87,330g Power Formula ~ Markus,1,0
88,88,908g Spirulina ~ Maju,1,0
89,89,227g Spirulina ~ Maju,1,0
90,90,120ct Sweet Cheat ~ Herbally Grounded,1,0
91,91,170g Trim Force ~ Markus,1,0
92,92,220ct Trim Force ~ Markus,1,0
93,93,200g Vitamin C ~ Markus,1,0
94,94,300g Vitamin C ~ Markus,1,0
95,95,400g Vitamin C ~ Markus,1,0
96,96,180g Wheatgrass ~ Holistic Life,1,0
97,97,Sticker (Yum Better Tasting) ~ Markus,1,0
98,98,243g Amazing Greens Powder ~ Herbally Grounded,1,0
99,99,156g Wheatgrass ~ Maju,1,0
100,100,60ct Prescript Assist ~ Safer Medical,1,0
101,101,90ct Prescript Assist ~ Safer Medical,1,0
102,102,60ct Prescript Assist Pea Protein ~ Safer Medical,1,0
103,103,60ct Prescript Assist Lite ~ Safer Medical,1,0
104,104,60ct Tas Alpha ~ Safer Medical,1,0
105,105,60ct Super 15 SBO PLUS ~ LifeBiotics,1,0
106,106,226g Purple Sea Moss ~ Maju,1,0
107,107,115g Camu Camu ~ Maju,1,0
108,108,60ct PRVNT ~ NAN Health,1,0
109,109,60ct Purple Sea Moss ~ Maju,1,0
110,110,Sticker (A Potent Raw Whole Powder),1,0
111,111,28-400 Matte Black Ribbed,1,0
112,112,45-400 Gold Metal with Induction Seal,1,0
113,113,89-400 White Ribbed,1,0
114,114,89-400 White Smooth,1,0
115,115,110-400 White Ribbed,1,0
116,116,38-400 Gloss Black Ribbed ,1,0
117,117,45-400 Gloss Black Ribbed ,1,0
118,118,45-400 White Ribbed ,1,0
119,119,53-400 White Ribbed ,1,0
120,120,70-400 White Smooth ,1,0
121,121,89-400 Black Ribbed ,1,0
122,122,89-400 Orange ,1,0
123,123,89-400 Silver ,1,0
124,124,89-400 Yellow ,1,0
125,125,89-400 Black Smooth ,1,0
126,126,38-400 White Ribbed ,1,0
127,127,70-400 PP Black ,1,0
128,128,1g Silica Desiccant,1,0
129,129,3g Silica Desiccant,1,0
130,130,24mm Orifice Reducer,1,0
131,131,Large Cotton Balls,1,0
132,132,O Goh - Veg Capsules,1,0
133,133,OO Goh - Veg Capsules,1,0
134,134,O Acid Protection Veg Capsules,1,0
135,135,OO Acid Protection Veg Capsules,1,0
136,136,16oz Blackseed Oil Carton,1,0
137,137,8oz Blackseed Oil Carton,1,0
138,138,6inx8in bubble wrap bags,1,0
139,139,8inx11in bubble wrap bags,1,0
140,140,72inx900ftx1/16in White ABS Foam 12in Perforated,1,0
141,141,10cc round long handle,1,0
142,142,11cc round long handle,1,0
143,143,11cc cylinder short handle,1,0
144,144,12cc round long handle,1,0
145,145,12cc round short handle,1,0
146,146,13cc cube short handle,1,0
147,147,15cc cylinder short handle,1,0
148,148,18cc cube short handle,1,0
149,149,20cc cylinder long handle,1,0
150,150,20cc cube short handle,1,0
151,151,29.6cc cylinder long handle,1,0
152,152,29cc cylinder long handle,1,0
153,153,3.5cc cylinder long handle,1,0
154,154,3.5cc cylinder short handle,1,0
155,155,39cc cube short handle,1,0
156,156,48cc cube short handle,1,0
157,157,5cc 3.0in,1,0
158,158,5cc 6.0in,1,0
159,159,67cc cylinder long handle,1,0
160,160,6cc cylinder long handle,1,0
161,161,6cc cylinder short handle,1,0
162,162,8.5cc cube long handle,1,0
163,163,90cc cylinder long handle,1,0
164,164,15x11x7 32ect Kraft RSC ABS,1,0
165,165,15x11x9 32ect Kraft RSC ABS,1,0
166,166,15x11x6 32ect Kraft RSC ABS,1,0
167,167,15x11x8 32ect Kraft RSC ABS,1,0
168,168,9x7x4 32ect Kraft RSC ABS,1,0
169,169,50mm x 25mm clear PVC,1,0
170,170,77mm x 25mm clear PVC,1,0
171,171,100mm x 25mm clear PVC,1,0
172,172,107mm x 125mm clear PVC,1,0
173,173,110mm x 60mm clear PVC,1,0
174,174,121mm x 90mm clear PVC,1,0
175,175,135mm x 90mm clear PVC,1,0
176,176,140mm x 160mm clear PVC,1,0
177,177,152mm x 160mm clear PVC,1,0
178,178,152mm x 195mm clear PVC,1,0
179,179,152mm x 85mm clear PVC,1,0
180,180,155mm x 110mm clear PVC,1,0
181,181,155mm x 130mm clear PVC,1,0
182,182,155mm x 185mm clear PVC,1,0
183,183,155mm x 195mm clear PVC,1,0
184,184,155mm x 85mm clear PVC,1,0
185,185,155mm x 95mm clear PVC,1,0
186,186,165mm x 66mm clear PVC,1,0
187,187,165mm x 70mm clear PVC,1,0
188,188,185mm x 40mm clear PVC,1,0
189,189,190mm x 44mm clear PVC,1,0
190,190,230mm x 40mm clear PVC,1,0
191,191,55mm x 33mm clear PVC,1,0
192,192,66mm x 25mm clear PVC,1,0
193,193,70mm x 48mm green PVC,1,0
194,194,70mm x 48mm clear PVC,1,0
195,195,77mm x 25mm Him-Her printed PVC,1,0
196,196,80mm x 60mm clear PVC,1,0
197,197,82mm x 54mm clear PVC,1,0
198,198,90mm x 25mm clear PVC,1,0
199,199,66mm x 25mm SFYP perforated PVC,1,0
200,200,Serratiopeptidase,0,0
201,200,Serratia E-15 Protease,0,0
202,200,Serrapeptase,1,0
203,201,Humulus Lupulus,0,1
204,201,Hops,1,0
205,201,Common Hop,0,0
206,202,Kale,1,0
207,202,Brassica Oleracea,0,1
208,203,Varnish Shelf Mushroom,0,0
209,203,Reishi,1,0
210,203,Mushroom of Immortality,0,0
211,203,Ganoderma Sichuanense,0,0
212,203,Ganoderma Lucidum,0,0
213,203,Ganoderma Lingzhi (lucidum),0,1
214,204,Pumpkin Seed,1,0
215,204,Pepita,0,0
216,204,Cucurbita Pepo,0,1
217,205,Maitake,1,0
218,205,Hui-shu-hua,0,0
219,205,Hen-of-the-woods,0,0
220,205,Grifola Frondosa,0,1
221,206,Wheatgrass Juice,1,0
222,206,Triticum Aestivum,0,1
223,207,Urtica Dioica,0,1
224,207,Stinging Nettle,0,0
225,207,Nettle,1,0
226,207,Common Nettle,0,0
227,208,Suma Root,1,0
228,208,Pfaffia Paniculata,0,1
229,208,Para Todo,0,0
230,208,Brazilian Ginseng,0,0
231,209,L-Glutamine,1,0
232,209,Glutamine,0,0
233,210,White Pine Bark,1,0
234,210,White Pine,0,0
235,210,Pinus Albicaulis,0,1
236,211,Sarsaparilla,1,0
237,211,Sariva,0,0
238,211,Indian Sarsaparilla,0,0
239,211,Hermidesmus Indicus & Smilax Officinalis,0,1
240,212,Gymnema Sylvestre,0,1
241,212,Gymnema,1,0
242,212,Gurmar Aka Sugar Destroyer,0,0
243,213,Ribosa,0,0
244,213,D-Ribose,1,0
245,213,D-Ribosa,0,0
246,213,Beta-d-ribofuranose,0,0
247,214,Tulsi,0,0
248,214,Thai Basil,0,0
249,214,Ocimum Sanctum,0,1
250,214,Holy Basil,1,0
251,215,Siraitia Grosvenorii,0,1
252,215,Monk Fruit Extract 25%,1,0
253,215,Lo Han Guo,0,0
254,216,Horseradish Root,1,0
255,216,Armoracia Rusticana,0,1
256,217,Wormwood,1,0
257,217,Common Wormwood,0,0
258,217,Common Sagewort,0,0
259,217,Artemisia Abisinthium,0,1
260,217,Absinthium,0,0
261,218,Serenoa Repens,0,1
262,218,Saw Palmetto,1,0
263,218,Sabal Palmetto,0,0
264,218,American Dwarf Palm Tree,0,0
265,219,L-Ornithine HCL,1,0
266,220,Maybush,0,0
267,220,Hawthorn Berry,1,0
268,220,Haw,0,0
269,220,Crataegus Oxyacantha,0,1
270,221,Yerba Mate,1,0
271,221,Paraguyan Tea,0,0
272,221,Jesuit's Brazil Tea,0,0
273,221,Ilex Paraguariensis,0,1
274,221,Chimarrao,0,0
275,222,White Walnut,0,0
276,222,Juglans Cinerea,0,1
277,222,Butternut Bark,1,0
278,222,Butternut,0,0
279,223,Spirulina,1,0
280,223,Blue Green Micro-algae,0,0
281,223,Blue Green Algae,0,0
282,223,Arthrospira Platensis,0,1
283,224,Astragalus Membranaceus,0,1
284,224,Astragalus,1,0
285,225,Juglans Nigra,0,1
286,225,Eastern Black Walnut,0,0
287,225,Black Walnut Hull,1,0
288,226,Phoenix Dactylifera,0,1
289,226,Deglet Nour,0,0
290,226,Deglet Noor,0,0
291,226,Date Sugar,1,0
292,227,Sweetwood,0,0
293,227,Licorice,1,0
294,227,Glycyrrhiza Uralensis Fisch,0,0
295,227,Glycyrrhiza Glabra,0,1
296,227,Common Licorice,0,0
297,228,Terminalia Ferdinandiana,0,1
298,228,Murunga,0,0
299,228,Kakadu Plum,0,0
300,228,Kakadu Gubinge,0,0
301,228,Kakadu,1,0
302,228,Billygoat Plum,0,0
303,229,Humulus Lupulus,0,1
304,229,Hops,1,0
305,229,Common Hop,0,0
306,230,Daucus Carota Var. Sativas,0,1
307,230,Carrot,1,0
308,231,Wild Crape Myrtle,0,0
309,231,West Indian Cherry,0,0
310,231,Malpighia Glabra,0,1
311,231,Malpighia Emarginata (this Is the Cultivated Form of Acerola and Different From M. Glabra.),0,0
312,231,Barbados Cherry,0,0
313,231,Acerola Cherry,1,0
314,232,Sweetleaf,0,0
315,232,Sugarleaf,0,0
316,232,Stevia Rebaudiana,0,1
317,232,Stevia,1,0
318,232,Candyleaf,0,0
319,233,Vinca Rosa,0,1
320,233,Periwinkle,1,0
321,234,Magnolia Officinalis,0,1
322,234,Magnolia Cortex,0,0
323,234,Magnolia Bark,1,0
324,234,Houpu,0,0
325,235,Spinach,1,0
326,235,Spinacea Oleracea,0,1
327,236,Pom Pom Mushroom,0,0
328,236,Inonotus Obliquus,0,1
329,236,Cinder Conk,0,0
330,236,Chaga,1,0
331,236,Birch Conk,0,0
332,237,Yerba Mate,1,0
333,237,Paraguyan Tea,0,0
334,237,Jesuit's Brazil Tea,0,0
335,237,Ilex Paraguariensis,0,1
336,237,Chimarrao,0,0
337,238,Wu Wei Zi,0,0
338,238,Schisandra Chinensis,0,1
339,238,Schisandra,1,0
340,238,Magnolia Vine,0,0
341,238,Five-flavored Fruit,0,0
342,239,Sea Grape,0,0
343,239,Rockweed,0,0
344,239,Fucus Vesiculosus,0,1
345,239,Bladderwrack,1,0
346,240,Tapayas,0,0
347,240,Pawpaw,0,0
348,240,Papye,0,0
349,240,Papaya Fruit,1,0
350,240,Carica Papaya L.,0,1
351,241,Tap Aloe,0,0
352,241,Red Aloe,0,0
353,241,Cape Aloe,1,0
354,241,Bitter Aloe,0,0
355,241,Aloe Ferox Miller,0,0
356,241,Aloe Ferox,0,0
357,241,Aloe Capensis,0,1
358,242,Pea Protein,1,0
359,243,Wild Pepper,0,0
360,243,Touch-me-not,0,0
361,243,Siberian Ginseng,0,0
362,243,Siberian Eleuthero,1,0
363,243,Eleutherococcus Senticosus,0,1
364,243,Eleuthero,0,0
365,243,Ciwujia,0,0
366,244,Yun Zhi,0,0
367,244,Turkey Tail,1,0
368,244,Trametes Versicolor,0,1
369,244,Polyporus Versicolor,0,0
370,244,Coriolus Versicolor,0,0
371,245,Prickly Pear,1,0
372,245,Opuntia Ficus-indica,0,1
373,245,Cactus Pear,0,0
374,246,Malamar Tamarind,0,0
375,246,Garcinia P.e.,1,0
376,246,Garcinia Cambogia,0,1
377,247,Garlic,1,0
378,247,Cultivated Garlic,0,0
379,247,Allium Sativum,0,1
380,248,White Oak Bark,1,0
381,248,Quercus Alba,0,1
382,249,Soursop,0,0
383,249,Guanabana,0,0
384,249,Graviola,1,0
385,249,Annona Muricata,0,1
386,250,L-Carnosine,1,0
387,250,Carnosine,0,0
388,251,Magniesum Malate,1,0
389,251,Magnesium; 2-hydroxybutanedioate,0,0
390,252,Stonebreaker,0,0
391,252,Phyllanthus Urinaria L.,0,1
392,252,Phyllanthus Niruri,0,0
393,252,Chanca Piedra,1,0
394,253,Yu Gan Zi,0,0
395,253,Phyllanthus Emblica,0,1
396,253,Indian Gooseberry,0,0
397,253,Amla,1,0
398,254,Maybush,0,0
399,254,Hawthorn Berry,1,0
400,254,Haw,0,0
401,254,Crataegus Sp.,0,1
402,255,Pectin,0,0
403,255,Malus Spp/malus Domestica.,0,1
404,255,Apple Pectin,0,0
405,255,Apple Fiber,1,0
406,256,Terminalia Arjuna,0,1
407,256,Arjuna Bark,1,0
408,256,Arjuna,0,0
409,257,Forskohlii,1,0
410,257,Coleus Forskohlii,0,1
411,258,Tribulus Terestris,0,1
412,258,Tribulus,1,0
413,258,Puncture Vine,0,0
414,258,Goat's Head,0,0
415,258,Caltrop,0,0
416,259,Yu Gan Zi,0,0
417,259,Indian Gooseberry,0,0
418,259,Emblica Offinalis,0,1
419,259,Amla,1,0
420,260,Peruvian Ginseng,0,0
421,260,Peppergrass,0,0
422,260,Maka,0,0
423,260,Maca-maca,0,0
424,260,Maca Root,1,0
425,260,Lepidium Meyenii (walp.),0,1
426,261,Psidium Guajava,0,1
427,261,Guava,1,0
428,261,Common Guava,0,0
429,262,Nigella Sativa,0,1
430,262,Black Seed,0,0
431,262,Black Cumin Seed,1,0
432,262,Black Cumin,0,0
433,262,Black Caraway,0,0
434,263,Pinus,0,1
435,263,Piñón,0,0
436,263,Pinoli,0,0
437,263,Pine Nut,1,0
438,264,Unspecified on Supplier Certificate of Analysis,0,1
439,264,Malus Spp.,0,0
440,264,Apple Peel,1,0
441,265,Roselle,0,0
442,265,October Hibiscus,0,0
443,265,Hibiscus Sabdariffa,0,1
444,265,Hibiscus 4:1,1,0
445,265,Florida Cranberry,0,0
446,266,Broccoli,1,0
447,266,Brassica Oleracea Var. Italica,0,1
448,267,Ngau Pong,0,0
449,267,Burdock,1,0
450,267,Beggar's Buttons,0,0
451,267,Arctium Lappa,0,1
452,268,Rockweed,0,0
453,268,Laminaria Digitata,0,0
454,268,Kelp,1,0
455,268,Ascophyllum Nodosum & Laminaria Digitata,0,1
456,269,Yellow Root,0,0
457,269,Turmeric Root,0,0
458,269,Turmeric,1,0
459,269,Indian Saffron,0,0
460,269,Curcuma Longa,0,1
461,270,Sweet Weed,0,0
462,270,Marshmallow Root,1,0
463,270,Althaea Root,0,0
464,270,Althaea Officinalis,0,1
465,271,Shēng Dì Huáng,0,0
466,271,Rehmannia Glutinosa,0,1
467,271,Rehmannia,1,0
468,271,Chinese Foxglove,0,0
469,272,Sprouted Quinoa,0,0
470,272,Quinoa,1,0
471,272,Chenopodium Quinoa,0,1
472,273,Cordyceps Sinensis,0,1
473,273,Cordyceps Militaris,0,0
474,273,Cordyceps,1,0
475,273,Chinese Caterpillar,0,0
476,273,Caterpillar Mushroom,0,0
477,274,Thurian,0,0
478,274,Liu Lian,0,0
479,274,King of the Fruits,0,0
480,274,Durio Zibethinus,0,1
481,274,Durian,1,0
482,274,Duri,0,0
483,274,Duirone,0,0
484,275,Tuber Fleeceflower,0,0
485,275,Shou Wu Pian,0,0
486,275,"Polygonum Multiflorum; Reynoutria Multiflora, Syn: Fallopia Multiflora",0,1
487,275,Ho Shou Wu,0,0
488,275,He Shou Pian,0,0
489,275,Fo-ti,1,0
490,275,Chinese Knotweed,0,0
491,276,Hordeum Vulgare,0,1
492,276,Common Barley,0,0
493,276,Barley Grass,1,0
494,277,Yerba Mate,1,0
495,277,Paraguyan Tea,0,0
496,277,Jesuit's Brazil Tea,0,0
497,277,Ilex Paraguariensis,0,1
498,277,Chimarrao,0,0
499,278,Rubus Idaeus L.,0,1
500,278,Red Raspberry,1,0
501,278,European Red Raspberry,0,0
502,279,Petroselinum Crispum,0,1
503,279,Parsley Leaf,1,0
504,279,Italian Parsley,0,0
505,279,Garden Parsley,0,0
506,280,Juniperus Communis,0,1
507,280,Juniper Berry,1,0
508,280,Common Juniper,0,0
509,281,Trigonella Foenum-graecum,0,1
510,281,Foenugreek Seed,1,0
511,281,Fenugreek,0,0
512,282,Tremella Fuciformis,0,1
513,282,Tremella,1,0
514,282,Snow Fungus,0,0
515,282,Silver Ear Fungus,0,0
516,282,Chrysanthemum Mushroom,0,0
517,283,Turkey Rhubarb,0,0
518,283,Rhubarb Root,1,0
519,283,Rheum Palmatum,0,1
520,283,Rheum Officinale,0,0
521,283,Chinese Rhubarb,0,0
522,284,Vanilla Extract,1,0
523,285,Papaya Proteinase L.,0,0
524,285,Papain,1,0
525,285,Carica Papaya L.,0,1
526,286,Sweetwood,0,0
527,286,Licorice,1,0
528,286,Glycyrrhiza Uralensis Fisch,0,0
529,286,Glycyrrhiza Glabra,0,1
530,286,Common Licorice,0,0
531,287,Taraxacum Officinale,0,1
532,287,Taraxacum Mongolicum,0,0
533,287,Dandelion Root,1,0
534,288,Wild Oats,0,0
535,288,Oatgrass,1,0
536,288,Common Oat,0,0
537,288,Avena Sativa,0,1
538,289,Shiitake,1,0
539,289,Lentinus Edodes,0,1
540,289,Fragrant Mushroom,0,0
541,289,Black Forest Mushroom,0,0
542,290,Wild Lettuce,1,0
543,290,Opium Lettuce,0,0
544,290,Lactuca Virosa,0,1
545,290,Bitter Lettuce,0,0
546,291,Yin Yang Huo,0,0
547,291,Horny Goat Weed,1,0
548,291,Epimedium Sagittatum,0,1
549,291,Bishop's Hat,0,0
550,291,Barrenwort,0,0
551,292,Punica Granatum L.,0,1
552,292,Pomegranate,1,0
553,293,Petroselinum Crispum,0,1
554,293,Parsley Root,1,0
555,293,Italian Parsley,0,0
556,293,Garden Parsley,0,0
557,294,Sweet Broom,0,0
558,294,Ruscus Aculeantus,0,1
559,294,Knee Holly,0,0
560,294,Jew's Myrtle,0,0
561,294,Butcher's Broom,1,0
562,294,Box Holly,0,0
563,295,Beta Vulgaris,0,1
564,295,Beetroot,0,0
565,295,Beet Root Juice,1,0
566,296,Wild Crape Myrtle,0,0
567,296,West Indian Cherry,0,0
568,296,Malpighia Glabra,0,1
569,296,Malpighia Emarginata (this Is the Cultivated Form of Acerola and Different From M. Glabra.),0,0
570,296,Barbados Cherry,0,0
571,296,Acerola Cherry 17 - 20%,1,0
572,297,Hordeum Vulgare,0,1
573,297,Grain Barley,0,0
574,297,Common Barley,0,0
575,297,Cereal Barley,0,0
576,297,Activated Barley,1,0
577,298,Urtica Dioica and Urtica Cannabina L.,0,1
578,298,Nettle,1,0
579,298,Hemp Nettle,0,0
580,299,Fine Rice Bran,1,0
581,300,Rosehips,1,0
582,300,Rose Hep,0,0
583,300,Rose Haw,0,0
584,300,Rosa Canina,0,1
585,301,Tabasco Pepper,0,0
586,301,Cayenne,1,0
587,301,Capsicum Annum,0,1
588,301,African Chili,0,0
589,302,Purslane,1,0
590,302,Portulaca Oleracea,0,1
591,302,Little Hogweed,0,0
592,302,Garden Purslane,0,0
593,303,Wild Clover,0,0
594,303,Trifolium Pratense,0,1
595,303,Three-leafed Grass,0,0
596,303,Red Clover,1,0
597,303,Purple Clover,0,0
598,304,Maidenhair Tree,0,0
599,304,Ginkgo Biloba L,0,1
600,304,Ginkgo,1,0
601,305,Wild Pepper,0,0
602,305,Touch-me-not,0,0
603,305,Siberian Ginseng,0,0
604,305,Siberian Eleuthero,1,0
605,305,Eleutherococcus Senticosus,0,1
606,305,"Eleuthero,",0,0
607,305,Ciwujia,0,0
608,306,Suma,1,0
609,306,Para Todo,0,0
610,306,Hebanthe Erianthos; Syn: Pfaffia Paniculata,0,1
611,306,Brazilian Ginseng,0,0
612,307,Vitis Vinifera L.,0,1
613,307,Grape Seed Extract,1,0
614,308,Ngau Pong,0,0
615,308,Burdock,1,0
616,308,Beggar's Buttons,0,0
617,308,Arctium Lappa,0,1
618,309,Stone Root,1,0
619,309,Richweed,0,0
620,309,Ox-balm,0,0
621,309,Horseweed,0,0
622,309,Collinsonia Canadensis,0,1
623,310,Brown Rice Protein,1,0
624,311,Lactobacillus Acidophilus,0,0
625,311,L. Acidophilus,1,0
626,312,Broccoli,1,0
627,312,Brassica Oleracea,0,1
628,313,Wild Clover,0,0
629,313,Trifolium Pratense,0,1
630,313,Three-leafed Grass,0,0
631,313,Red Clover,1,0
632,313,Purple Clover,0,0
633,314,Rockweed,0,0
634,314,Laminaria Digitata,0,0
635,314,Kelp,1,0
636,314,Ascophyllum Nodosum,0,1
637,315,Uva Ursi,1,0
638,315,Bearberry,0,0
639,315,Arctostaphylos Uva-ursi,0,1
640,316,Watercress,1,0
641,316,Water-cress,0,0
642,316,Nasturtium Officinale,0,1
643,317,Polygonum Cuspidatum,0,1
644,317,Japanese Knotweed,0,0
645,317,Hu Zhang,1,0
646,318,Royal Jelly 1x,1,0
647,318,Royal Bee Jelly,0,0
648,318,"N/a. Produced By the Honeybee, Apis Mellifera L.",0,1
649,318,Bee Saliva,0,0
650,319,Roselle,0,0
651,319,October Hibiscus,0,0
652,319,Hibiscus Sabdariffa and Hibiscus Sinensis,0,1
653,319,Hibiscus,1,0
654,319,Florida Cranberry,0,0
655,320,Tulsi,0,0
656,320,Thai Basil,0,0
657,320,Ocimum Sanctum,0,1
658,320,Holy Basil,1,0
659,321,Tung Saw,0,0
660,321,Tongkat Ali,1,0
661,321,Pasak Bumi,0,0
662,321,Malaysia Ginseng,0,0
663,321,Long Jack,0,0
664,321,Eurycoma Longifolia,0,1
665,322,Cracked Cell Chlorella,0,0
666,322,Chlorella Pyrenoidosa,0,1
667,322,Chlorella Algae,0,0
668,323,Pumpkin Seed Powder,1,0
669,323,Pepita,0,0
670,323,Cucurbita Pepo,0,1
671,324,Radix Bupleuri,0,0
672,324,Kindling of the Barbarians,0,0
673,324,Bupleurum Chinense,0,1
674,324,Bupleurum,1,0
675,325,Syzigium Aromaticum,0,0
676,325,Eugenia Caryophyllata,0,1
677,325,Cloves,1,0
678,326,Irish Moss,1,0
679,326,Curly Moss,0,0
680,326,Chondrus Crispus,0,0
681,326,Chondrus Chamissoi,0,1
682,326,Carrageen Moss,0,0
683,327,Tap Aloe,0,0
684,327,Red Aloe,0,0
685,327,Cape Aloe,1,0
686,327,Bitter Aloe,0,0
687,327,Aloe Ferox,0,1
688,328,Wood Geranium,0,0
689,328,Wild Geranium,0,0
690,328,Geranium Maculatum,0,1
691,328,Geranium,1,0
692,329,Red Maca,1,0
693,329,Peruvian Ginseng,0,0
694,329,Peppergrass,0,0
695,329,Maka,0,0
696,329,Maca-maca,0,0
697,329,Lepidium Meyenii (walp.),0,1
698,330,Rosemary,1,0
699,330,Rosemarinus Officinalis,0,1
700,331,Peppermint Flavor,1,0
701,331,Mentha Piperita,0,1
702,332,Pom Pom Mushroom,0,0
703,332,Inonotus Obliquus,0,1
704,332,Cinder Conk,0,0
705,332,Chaga,1,0
706,332,Birch Conk,0,0
707,333,Red Reishi,1,0
708,333,Mushroom of Immortality,0,0
709,333,Ling Zhi,0,0
710,333,Ganoderma Lucidum,0,1
711,334,Pumpkin Seed Protein,1,0
712,334,Pepita,0,0
713,334,Cucurbita Pepo L,0,1
714,335,Bambusoideae,0,0
715,335,Bambusa Vulgaris,0,1
716,335,Bamboo,1,0
717,336,White Walnut,0,0
718,336,Juglans Cinerea,0,1
719,336,Butternut Bark,1,0
720,336,Butternut,0,0
721,337,Winterweed,0,0
722,337,Stellaria Media,0,1
723,337,Starwort,0,0
724,337,Common Chickweed,0,0
725,337,Chickweed,1,0
726,338,Serenoa Repens,0,1
727,338,Saw Palmetto,1,0
728,338,Sabal Palmetto,0,0
729,338,American Dwarf Palm Tree,0,0
730,339,Kieselguhr,0,0
731,339,Diatomite Celite,0,0
732,339,Diatomaceous Earth,1,0
733,340,Vine-that-ate-the-south,0,0
734,340,Pueraria Montana Var. Lobata,0,1
735,340,Kudzu Vine,0,0
736,340,Kudzu Root,1,0
737,340,Kudzu Hemp,0,0
738,340,Japanese Arrowroot,0,0
739,341,Sweet Orange,0,0
740,341,Orange Peel,1,0
741,341,Orange,0,0
742,341,Navel Orange,0,0
743,341,Mandarin Orange,0,0
744,341,Citrus Sinensis and Citrus Reticulata,0,1
745,342,Lemon Peel,1,0
746,342,Citrus Limonum,0,1
747,343,True Cinnamon,0,0
748,343,Cinnamomum Verum,0,1
749,343,Ceylon Cinnamon,1,0
750,344,Thorowax Root,0,0
751,344,Radix Bupleuri,0,1
752,344,Hydrangea,1,0
753,344,Hare's Ear Root,0,0
754,344,Chai Hu,0,0
755,345,Vitamin B6,1,0
756,345,Pyridoxine Hydrochloride,0,0
757,345,Pyridoxine,0,0
758,346,Witch Hazel,1,0
759,346,Hamamelis Virginiana,0,1
760,346,Common Witch Hazel,0,0
761,347,Beta Vulgaris,0,1
762,347,Beetroot,0,0
763,347,Beet Powder,1,0
764,348,Malic Acid,1,0
765,348,Dl-malic Acid,0,0
766,349,Taraxacum Officinale,0,1
767,349,Lions-tooth,0,0
768,349,Irish Daisy,0,0
769,349,Dandelion Leaf,1,0
770,349,Common Dandelion,0,0
771,349,Cankerwort,0,0
772,349,Blowball,0,0
773,350,Vitis Labrusca,0,1
774,350,Grape Juice,1,0
775,350,Fox Grape,0,0
776,351,Yucca Schidigera,0,1
777,351,Yucca,1,0
778,351,Spanish Dagger,0,0
779,351,Mojave Yucca,0,0
780,352,Spadeleaf,0,0
781,352,Indian Pennywort,0,0
782,352,Gotu Kola,1,0
783,352,Coinwort,0,0
784,352,Centella Asiatica,0,1
785,352,Asiatic Pennywort,0,0
786,353,Tapayas,0,0
787,353,Pawpaw,0,0
788,353,Papye,0,0
789,353,Papaya Juice,1,0
790,353,Carica Papaya,0,1
791,354,Hemp Protein Flour,0,0
792,354,Hemp Protein,0,0
793,354,Hemp,1,0
794,354,Cannabis Sativa,0,1
795,355,Rhodiola Crenulata & Rhodiola Rosea,0,1
796,355,Rhodiola,1,0
797,355,Golden Root,0,0
798,355,Arctic Root,0,0
799,356,Uva Ursi,1,0
800,356,Bearberry,0,0
801,356,Arctostaphylos Uva-ursi,0,1
802,357,Cocos Nucifera L.,0,1
803,357,Coconut Water,1,0
804,357,Coconut Tree,0,0
805,358,Cream Nut,0,0
806,358,Castanha-do-pará (pará Nut),0,0
807,358,Brazil Nut,1,0
808,358,Bertholletia Excelsa,0,1
809,359,Cracked Cell Chlorella,0,0
810,359,Chlorella Vulgaris,0,1
811,359,Chlorella Algae,0,0
812,359,Chlorella,1,0
813,360,Peruvian Ginseng,0,0
814,360,Peppergrass,0,0
815,360,Maka,0,0
816,360,Maca-maca,0,0
817,360,Lepidium Meyeneii (walp.),0,1
818,360,Black Maca Root,1,0
819,361,Spar Grass,0,0
820,361,Asper Grass,0,0
821,361,Asparagus Officinalis L.,0,1
822,361,Asparagus,1,0
823,362,Zingiber Officinale,0,1
824,362,True Ginger,0,0
825,362,Stem Ginger,0,0
826,362,Ginger Root,1,0
827,362,Common Ginger,0,0
828,363,Musa Nana Lour,0,1
829,363,Banana Peel,1,0
830,364,Sprouted Amaranth,1,0
831,365,White Man's Footprint,0,0
832,365,Plantain Leaf,1,0
833,365,Plantago Asiatica & Plantago Major,0,1
834,365,Greater Plantain,0,0
835,365,Broadleaf Plantain,0,0
836,366,Oatgrass Juice,1,0
837,366,Cultivated Oats,0,0
838,366,Common Oat,0,0
839,366,Avena Sativa,0,1
840,367,Quassia Wood,1,0
841,367,Quassia Amara,0,1
842,367,Bitter-ash,0,0
843,367,Bitter Wood,0,0
844,367,Amargo,0,0
845,368,Prunus Dulcis,0,1
846,368,Ground Almonds,0,0
847,368,Almond Meal,0,0
848,368,Almond Flour,1,0
849,369,Chia Seed,1,0
850,370,Wu Wei Zi,0,0
851,370,Schisandra Chinensis,0,1
852,370,Schisandra,1,0
853,370,Magnolia Vine,0,0
854,370,Five-flavored Fruit,0,0
855,371,Peruvian Ginseng,0,0
856,371,Peppergrass,0,0
857,371,Maka,0,0
858,371,Maca-maca,0,0
859,371,Maca,1,0
860,371,Lepidium Meyenii,0,1
861,372,Purple Medick,0,0
862,372,Medicago Sativa,0,1
863,372,Chilean Clover,0,0
864,372,Buffalo Grass,0,0
865,372,Alfalfa,1,0
866,373,Wheatgrass,1,0
867,373,Triticum Aestivum,0,1
868,373,Common Wheat,0,0
869,374,Opuntia Streptacantha,0,1
870,374,Nopal Cactus,1,0
871,374,Indian Fig,0,0
872,374,Cactus Pear,0,0
873,375,Sodium Montmorillonite,0,0
874,375,Bentonite Clay,1,0
875,376,Punica Granatum L.,0,1
876,376,Pomegranate,1,0
877,377,Juniperus Communis,0,1
878,377,Juniper,1,0
879,377,Common Juniper,0,0
880,378,Sweetleaf,0,0
881,378,Sugarleaf,0,0
882,378,Stevia Rebaudiana,0,1
883,378,Stevia,1,0
884,378,Candyleaf,0,0
885,379,Milkvetch,0,0
886,379,Huáng Qí,0,0
887,379,Bei Qi,0,0
888,379,Astragalus Membranaceus,0,1
889,379,Astragalus,1,0
890,380,Passion Vine,0,0
891,380,Passion Flower,1,0
892,380,Passiflora Incarnata,0,1
893,381,Cocos Nucifera,0,1
894,381,Coconut Water,1,0
895,381,Coconut Tree,0,0
896,382,Juglans Nigra,0,1
897,382,Eastern Black Walnut,0,0
898,382,Black Walnut Hull,1,0
899,383,Sea Grape,0,0
900,383,Rockweed,0,0
901,383,Fucus Vesiculosus,0,1
902,383,Bladderwrack,1,0
903,384,Purple Medick,0,0
904,384,Medicago Sativa,0,1
905,384,Chilean Clover,0,0
906,384,Buffalo Grass,0,0
907,384,Alfalfa Juice,1,0
908,385,White Man's Footprint,0,0
909,385,Plantain Leaf,1,0
910,385,Plantago Sp.,0,1
911,385,Greater Plantain,0,0
912,385,Broadleaf Plantain,0,0
913,386,Wild Clover,0,0
914,386,Trifolium Pratense,0,1
915,386,Three-leafed Grass,0,0
916,386,Red Clover,1,0
917,386,Purple Clover,0,0
918,387,Medicinal Aloe,0,0
919,387,Burn Plant,0,0
920,387,Aloe Vera,1,0
921,387,Aloe Barbadensis,0,1
922,387,Aloe,0,0
923,388,Salvia Miltiorrhiza,0,1
924,388,Redroot Sage,0,0
925,388,Red Sage,0,0
926,388,Dan Shen,1,0
927,388,Chinese Sage,0,0
928,389,Pom Pom Mushroom,0,0
929,389,Monkey Head Mushroom,0,0
930,389,Lion's Mane,1,0
931,389,Hericum Erinaceus,0,1
932,389,Bearded Tooth Mushroom,0,0
933,390,Tribulus Terestris,0,1
934,390,Tribulus,1,0
935,390,Puncture Vine,0,0
936,390,Goat's Head,0,0
937,390,Caltrop,0,0
938,391,Peppermint Leaf,1,0
939,391,Mint,0,0
940,391,Mentha Piperita L.,0,1
941,392,Moringa Oleifera,0,1
942,392,Moringa Leaf,1,0
943,392,Horseradish Tree,0,0
944,392,Drumstick Tree,0,0
945,392,Benzolive Tree,0,0
946,392,Arango,0,0
947,392,African Moringa,0,0
948,393,Miracle Plant,0,0
949,393,Jiao Gu Lan,1,0
950,393,Gynostemma Pentaphyllum,0,1
951,393,Gynostemma,0,0
952,394,Velvet Bean,0,0
953,394,Mucuna Pruriens,0,1
954,394,Mucuna,1,0
955,394,Monkey Tamarind,0,0
956,394,Cowhage,0,0
957,395,Ulmus Rubra,0,1
958,395,Ulmus Fulva,0,0
959,395,Soft Elm,0,0
960,395,Slippery Elm,1,0
961,395,Red Elm,0,0
962,396,Seaberry,0,0
963,396,Sea Buckthorn,1,0
964,396,Sand Thorn,0,0
965,396,Sallow Thorn,0,0
966,396,Hippophae Rhamnoides,0,1
967,397,Tmg/trimethyl Glycine,0,0
968,397,Tmg Betaine Anhydrous,1,0
969,397,Betaine,0,0
970,398,Nigella Sativa Seed Oil,0,0
971,398,Nigella Sativa,0,1
972,398,Black Seed Oil,1,0
973,398,Black Seed,0,0
974,398,Black Cumin,0,0
975,398,Black Caraway,0,0
976,399,Songhuang,0,0
977,399,Pine Pollen,1,0
978,399,It's the Male Spore of Pinus Spp. The Supplier Certificate of Analysis Specifies Pinus Massoniana Lamb,0,1
979,400,Tuber Fleeceflower,0,0
980,400,Shou Wu Pian,0,0
981,400,Polygonum Multiflorum,0,1
982,400,Ho Shou Wu,0,0
983,400,He Shou Pian,0,0
984,400,Fo-ti,1,0
985,400,Chinese Knotweed,0,0
986,401,Yellowdock,1,0
987,401,Rumex Crispus,0,1
988,401,Curly Dock,0,0
989,402,Smooth Peas,0,0
990,402,Pisum Sativum L.,0,1
991,402,Pea Protein,1,0
992,402,Field Peas,0,0
993,403,Royal Sun Agaricus,0,0
994,403,Himematsutake,0,0
995,403,Cogomelo Do Sol,0,0
996,403,Almond Mushroom,0,0
997,403,Agaricus Blazei,1,1
998,404,Vicia Faba,0,1
999,404,Fava Bean,1,0
1000,404,Broad Bean,0,0
1001,405,Withania Somnifera,0,1
1002,405,Winter Cherry,0,0
1003,405,Indian Ginseng,0,0
1004,405,Ashwagandha,1,0
1005,406,Spinach,1,0
1006,406,Spinacea Oleracea,0,1
1007,407,Maidenhair Tree,0,0
1008,407,Ginkgo Biloba,0,1
1009,407,Ginkgo,1,0
1010,408,Milkpea,0,0
1011,408,Goat's Rue,1,0
1012,408,Galega Officinalis,0,1
1013,408,French Lilac,0,0
1014,409,Rocket,0,0
1015,409,Eruca Sativa Mill.,0,1
1016,409,Arugula,1,0
1017,410,Pea Fiber,1,0
1018,411,Rosehip,1,0
1019,411,Rose Hep,0,0
1020,411,Rose Haw,0,0
1021,411,Rosa Canina,0,1
1022,411,Hipberry,0,0
1023,411,Dog Rose,0,0